PAT0004,54123@bjtu.edu.cn,teacher_password1,海明,pati_54123,m,13605430123,PAT
DOC0006,DOC0006@hospital.com,a27ea79364675a7620384b77fc30a26a,刘炳岩,doc_DOC0006,m,13901230006,DOC
DOC0082,fmnlj176@yahoo.com.cn,8Ymw_IFp8RMa6t4,马嘉祺超绝跟腱,doc_DOC0082,m,11451451414,DOC
DOC0007,DOC0007@hospital.com,4b7c089bc6d7422ca2184c2c86f80484,严肃,doc_DOC0007,,13800000007,DOC
DOC0008,DOC0008@hospital.com,aaa2a125e0d67641698142ad7b0e6d59,乔逸,doc_DOC0008,,13800000008,DOC
DOC0009,DOC0009@hospital.com,ed1066b0e7fc892179c16dac720df146,于仲勋,doc_DOC0009,,13800000009,DOC
PAT0002,23301024@bjtu.edu.cn,password2,小郑,pati_23301024,m,13901140514,PAT
PAT0001,23301021@bjtu.edu.cn,password,谢小阳,pati_23301021,m,19910279007,PAT
PAT0003,23121001@bjtu.edu.cn,password3,方小岳,pati_23120001,m,13905140114,PAT
DOC0326,DOC0326@hospital.com,c5d6e95146009f49b2dad4bd28d03db9,陆君阳,doc_DOC0326,,13800000326,DOC
DOC0010,DOC0010@hospital.com,f41ad91f529a0211cfdc36f0d7167b55,于伟泓,doc_DOC0010,,13800000010,DOC
DOC0011,DOC0011@hospital.com,586a0aa83b077fe6decc94b70be1bb56,于健春,doc_DOC0011,,13800000011,DOC
DOC0012,DOC0012@hospital.com,eb62850b0af5d404b51010fdb61b1c2b,于斌,doc_DOC0012,,13800000012,DOC
DOC0013,DOC0013@hospital.com,fbadc369357f853c3d4d5e3ab5c06e78,于洁,doc_DOC0013,,13800000013,DOC
DOC0014,DOC0014@hospital.com,224d4febdbe38c4cbe65528000da6d08,于鹏,doc_DOC0014,,13800000014,DOC
DOC0015,DOC0015@hospital.com,2e1278c2213535f04675757a0275592f,仉建国,doc_DOC0015,,13800000015,DOC
DOC0016,DOC0016@hospital.com,484e4e74a9f947ce84c4bc25b07ee051,任常,doc_DOC0016,,13800000016,DOC
DOC0017,DOC0017@hospital.com,4234f931a53fdaa6f58084b90223944f,何嘉,doc_DOC0017,,13800000017,DOC
DOC0018,DOC0018@hospital.com,b241bacde194786be80bf77f6b76b3f5,何小东,doc_DOC0018,,13800000018,DOC
DOC0019,DOC0019@hospital.com,ab15e5188a9377c53995f2397a564698,余可谊,doc_DOC0019,,13800000019,DOC
DOC0327,DOC0327@hospital.com,e3614ee2651ab5549217c00e4a8d8f83,陈丽萌,doc_DOC0327,,13800000327,DOC
DOC0328,DOC0328@hospital.com,ff576433f4a214ac547d8188126e7e0c,陈伟杰,doc_DOC0328,,13800000328,DOC
DOC0329,DOC0329@hospital.com,c22c309c24e545c6328fea7cc63606ff,陈太波,doc_DOC0329,,13800000329,DOC
DOC0020,DOC0020@hospital.com,061d8a9b369f97e00ccbaa25973ccddf,侯睿,doc_DOC0020,,13800000020,DOC
DOC0021,DOC0021@hospital.com,3d180d1e158d01ff3722959c4c666049,全美盈,doc_DOC0021,,13800000021,DOC
DOC0022,DOC0022@hospital.com,2c498566d00249a824f9c2de1d386ca2,关源源,doc_DOC0022,,13800000022,DOC
DOC0023,DOC0023@hospital.com,3697dded6db476ccd81cd407dad69c97,冯俊,doc_DOC0023,,13800000023,DOC
DOC0024,DOC0024@hospital.com,7ddef9cd347bd72b2fdbb6f74c286147,冯宾,doc_DOC0024,,13800000024,DOC
DOC0025,DOC0025@hospital.com,35e15a5c0dbc0d3be6d42e81351f3760,冯时,doc_DOC0025,,13800000025,DOC
DOC0026,DOC0026@hospital.com,00283892bc3066b7c3ee5c3b506d0488,冷俊胜,doc_DOC0026,,13800000026,DOC
DOC0027,DOC0027@hospital.com,941c20a7b992de1f00f79535ecf87d14,刘丽英,doc_DOC0027,,13800000027,DOC
DOC0028,DOC0028@hospital.com,caba91b6e491d73ff38d832cd0c42f56,刘乔飞,doc_DOC0028,,13800000028,DOC
DOC0029,DOC0029@hospital.com,16ffbe07cf48ae6737ccc14c3ab2f767,刘书中,doc_DOC0029,,13800000029,DOC
DOC0030,DOC0030@hospital.com,7f7498140c46b1eb80da6d29b0a18449,刘亚旭,doc_DOC0030,,13800000030,DOC
DOC0031,DOC0031@hospital.com,22b151b70268c169371b63ba0091dc23,刘俊涛,doc_DOC0031,,13800000031,DOC
DOC0032,DOC0032@hospital.com,f9fc81fc26c2cca79fb93fb44b35a3d3,刘共生,doc_DOC0032,,13800000032,DOC
DOC0033,DOC0033@hospital.com,e239d306430e94c68f0926c4335bbfe9,刘兴荣,doc_DOC0033,,13800000033,DOC
DOC0034,DOC0034@hospital.com,65b9d903c9b623fa94cca9d143c4447b,刘勇,doc_DOC0034,,13800000034,DOC
DOC0035,DOC0035@hospital.com,b2af0312f78787e69c00a97a20b681bf,刘卫,doc_DOC0035,,13800000035,DOC
DOC0036,DOC0036@hospital.com,6d956b0219fcead607ced67a7055e9f7,刘奕,doc_DOC0036,,13800000036,DOC
DOC0037,DOC0037@hospital.com,8c27cb42568406763a7a11946c7aeea6,刘子文,doc_DOC0037,,13800000037,DOC
DOC0038,DOC0038@hospital.com,50de14e08ee5d8412f1a767d42137f06,刘小伟,doc_DOC0038,,13800000038,DOC
DOC0039,DOC0039@hospital.com,34e48cd3bc387914c14541a7381481bb,刘岩,doc_DOC0039,,13800000039,DOC
DOC0040,DOC0040@hospital.com,b9df402ba1f0b9d31f2b3fb3bb6f6774,刘广华,doc_DOC0040,,13800000040,DOC
DOC0041,DOC0041@hospital.com,a2f4a393aa5d21104be01e38da937866,刘慧婷,doc_DOC0041,,13800000041,DOC
DOC0042,DOC0042@hospital.com,9120a880a48590d91ed82f780e88433d,刘晓清,doc_DOC0042,,13800000042,DOC
DOC0043,DOC0043@hospital.com,fb95ad2892c07cf34f0052e62ecdbd94,刘森,doc_DOC0043,,13800000043,DOC
DOC0044,DOC0044@hospital.com,d7bf15aac1ee022fd96c1b4dc23e844a,刘欣燕,doc_DOC0044,,13800000044,DOC
DOC0045,DOC0045@hospital.com,5ecbc3c267b537c06f6f04846bd0fe81,刘永太,doc_DOC0045,,13800000045,DOC
DOC0046,DOC0046@hospital.com,4874444f6091d413b03e3ae46d5f1a94,刘洪沨,doc_DOC0046,,13800000046,DOC
DOC0047,DOC0047@hospital.com,85068253353fd6be7dcef2a10dbf2d20,刘海元,doc_DOC0047,,13800000047,DOC
DOC0048,DOC0048@hospital.com,4da899fc694c68136ab288745ad151ba,刘炳岩,doc_DOC0048,,13800000048,DOC
DOC0049,DOC0049@hospital.com,7370920a76b1070026c74001bae3a762,刘磊,doc_DOC0049,,13800000049,DOC
DOC0050,DOC0050@hospital.com,9f519cf4af7b3364d1e3dd5a01244bc5,刘跃武,doc_DOC0050,,13800000050,DOC
DOC0051,DOC0051@hospital.com,bddbf896b9b73787e8ad1f86c97137b6,刘雯静,doc_DOC0051,,13800000051,DOC
DOC0052,DOC0052@hospital.com,33866f89b399ff12bfb105faced85381,刘震宇,doc_DOC0052,,13800000052,DOC
DOC0053,DOC0053@hospital.com,919ea4c64432e46f76ec260d2c9c3503,卞爱玲,doc_DOC0053,,13800000053,DOC
DOC0054,DOC0054@hospital.com,a550f6148139403a3d46f1732ceded3d,史宏晖,doc_DOC0054,,13800000054,DOC
DOC0055,DOC0055@hospital.com,9949940963447c538c8163eef43fef79,叶子兴,doc_DOC0055,,13800000055,DOC
DOC0056,DOC0056@hospital.com,9017dabb7aa985aa8647a62708982cc9,叶文玲,doc_DOC0056,,13800000056,DOC
DOC0057,DOC0057@hospital.com,1537a0de3e3ea47e906646ada4aa0ffd,叶欣,doc_DOC0057,,13800000057,DOC
DOC0058,DOC0058@hospital.com,fe2eb72c23c24a318eadf16553ceec67,吕嬿,doc_DOC0058,,13800000058,DOC
DOC0059,DOC0059@hospital.com,2082b73ed761904a258b0edd2e25d916,吴兴成,doc_DOC0059,,13800000059,DOC
DOC0060,DOC0060@hospital.com,a0937f0f7d935a533bc417609f979675,吴南,doc_DOC0060,,13800000060,DOC
DOC0061,DOC0061@hospital.com,be927e2ad7a329adb911311477a2936c,吴婵,doc_DOC0061,,13800000061,DOC
DOC0062,DOC0062@hospital.com,b4cfae69c7c41c7be1559e9786899ec7,吴斌,doc_DOC0062,,13800000062,DOC
DOC0063,DOC0063@hospital.com,093accb03e81b772b138b1bb9207f1fd,吴昕,doc_DOC0063,,13800000063,DOC
DOC0064,DOC0064@hospital.com,2eb21936d2009b94680e5254cda61e0c,吴海婷,doc_DOC0064,,13800000064,DOC
DOC0065,DOC0065@hospital.com,d114478f603a0f5b80794d2b7c63f3b3,吴炜,doc_DOC0065,,13800000065,DOC
DOC0002,DOC0002@hospital.com,878e9fdcf8928f0228fc496fe02083f1,朱燕林,doc_DOC0002,f,13800000002,DOC
DOC0066,DOC0066@hospital.com,78b4e6c87b31451d18252ab59f8b4a6c,周宝桐,doc_DOC0066,,13800000066,DOC
DOC0067,DOC0067@hospital.com,15780de7cf42a0938a676e61f80c5f2d,周小昀,doc_DOC0067,,13800000067,DOC
DOC0068,DOC0068@hospital.com,fe0c2c14155dc199d13c5406b1e75e03,周崎,doc_DOC0068,,13800000068,DOC
DOC0069,DOC0069@hospital.com,024135bf198694b20ef3d222188515c0,周希亚,doc_DOC0069,,13800000069,DOC
DOC0070,DOC0070@hospital.com,f2e3c46cd8be34cf84c3a91b1c359a7a,周敏敏,doc_DOC0070,,13800000070,DOC
DOC0071,DOC0071@hospital.com,4ae6bf643ecb79faa47e2a48d9a1a3bf,周敬敏,doc_DOC0071,,13800000071,DOC
DOC0072,DOC0072@hospital.com,50cee8017d27620b8f6b5e5230ca52a1,周智恩,doc_DOC0072,,13800000072,DOC
DOC0073,DOC0073@hospital.com,684fda0a541348e1365ad90b54289cee,周熹,doc_DOC0073,,13800000073,DOC
DOC0074,DOC0074@hospital.com,c19b0fe12e7dc1fe274b303f9c03493a,周皎琳,doc_DOC0074,,13800000074,DOC
DOC0075,DOC0075@hospital.com,01825da9de8e609d28b4730242783c2b,周道斌,doc_DOC0075,,13800000075,DOC
DOC0076,DOC0076@hospital.com,5fb9bf6b375bfcc47b2f4a078a9f7625,唐宁,doc_DOC0076,,13800000076,DOC
DOC0077,DOC0077@hospital.com,32b2b46327a1bedc98eed5b0ad1d7e82,唐晓艳,doc_DOC0077,,13800000077,DOC
DOC0078,DOC0078@hospital.com,cc086c683a284f2c33de1134eca60110,姜洋,doc_DOC0078,,13800000078,DOC
DOC0079,DOC0079@hospital.com,75ea365e6b6fdb5a7498bb12c024e406,姜鹏翔,doc_DOC0079,,13800000079,DOC
DOC0080,DOC0080@hospital.com,4667869aba8f3d538b2741961d756eff,娄文佳,doc_DOC0080,,13800000080,DOC
DOC0081,DOC0081@hospital.com,a4b98c6bf7201bf77b9caa8d683133ed,孙之星,doc_DOC0081,,13800000081,DOC
DOC0083,DOC0083@hospital.com,4587b37eebefb27971ae69e87266fd6d,孙子系,doc_DOC0083,,13800000083,DOC
DOC0084,DOC0084@hospital.com,09f518075bccdf6b795337e4c6178ed3,孙崟,doc_DOC0084,,13800000084,DOC
DOC0085,DOC0085@hospital.com,d2d7554e17cd1eb641657171368b2dd8,孙振,doc_DOC0085,,13800000085,DOC
DOC0086,DOC0086@hospital.com,0fe32f5930b495c423917735a7686073,孙智晶,doc_DOC0086,,13800000086,DOC
DOC0087,DOC0087@hospital.com,6be42cc5d98b20602df06047242ec4cb,孙爱军,doc_DOC0087,,13800000087,DOC
DOC0088,DOC0088@hospital.com,f0d56113eb4db6c827c7ab3072955d12,孙蒙清,doc_DOC0088,,13800000088,DOC
DOC0089,DOC0089@hospital.com,b2cc9ce99035a6feb0508bbddfc17a37,宋亦军,doc_DOC0089,,13800000089,DOC
DOC0090,DOC0090@hospital.com,2578fb1c8110795ad18a568feb020306,宋洋,doc_DOC0090,,13800000090,DOC
DOC0091,DOC0091@hospital.com,994eaff6712f98075a352f6f797290f6,宋航,doc_DOC0091,,13800000091,DOC
DOC0092,DOC0092@hospital.com,6e80647c777076ce66f9a2beb8a1b5ba,宋英娜,doc_DOC0092,,13800000092,DOC
DOC0093,DOC0093@hospital.com,1dd75905f753f6dcd47fad4fa68835ea,崔旭蕾,doc_DOC0093,,13800000093,DOC
DOC0094,DOC0094@hospital.com,86e7a0295f002c8ef3a8789e1f169779,崔歌,doc_DOC0094,,13800000094,DOC
DOC0095,DOC0095@hospital.com,7f5b12b5a080c143cca05199f8db71f3,崔玉尚,doc_DOC0095,,13800000095,DOC
DOC0096,DOC0096@hospital.com,d654deeb952db44c94f8f2b3592fc2dd,崔铭,doc_DOC0096,,13800000096,DOC
DOC0097,DOC0097@hospital.com,849f4cca48f759dd0c391ddfc0b2311f,左宇志,doc_DOC0097,,13800000097,DOC
DOC0098,DOC0098@hospital.com,42e6e2b6dda80e03173dc61b0fa9db71,常晓,doc_DOC0098,,13800000098,DOC
DOC0099,DOC0099@hospital.com,2c561deff6f0af2af8461c7d7d4a27d0,常炳习,doc_DOC0099,,13800000099,DOC
DOC0100,DOC0100@hospital.com,3b4248e7fcde55ff96c454a898b4edf6,干霖洋,doc_DOC0100,,13800000100,DOC
DOC0101,DOC0101@hospital.com,2a1a379804850b228f02ac98577fefe2,庄乾宇,doc_DOC0101,,13800000101,DOC
DOC0102,DOC0102@hospital.com,4856526e3f94ab262ccc914bb4b80cc6,庄俊玲,doc_DOC0102,,13800000102,DOC
DOC0103,DOC0103@hospital.com,87a8b0d0eb917ecfdcc31a1a024eebdc,康维明,doc_DOC0103,,13800000103,DOC
DOC0104,DOC0104@hospital.com,f5c1fbad389dd668e60916451cd527f4,廉慧,doc_DOC0104,,13800000104,DOC
DOC0105,DOC0105@hospital.com,dd62a4091c2c5fa555d9776f4a8c4cbc,廖泉,doc_DOC0105,,13800000105,DOC
DOC0106,DOC0106@hospital.com,aa6db1fabaa2fb379328ece213767b88,张乐嘉,doc_DOC0106,,13800000106,DOC
DOC0107,DOC0107@hospital.com,056fa8879bacdbf97ba0c5dd0bf8113a,张俊吉,doc_DOC0107,,13800000107,DOC
DOC0108,DOC0108@hospital.com,e4aba8d4e36a7e08e5ce1a02d3347cda,张保中,doc_DOC0108,,13800000108,DOC
DOC0109,DOC0109@hospital.com,f654be16f382e4f4d8b7675ae6c3bcac,张冠南,doc_DOC0109,,13800000109,DOC
DOC0110,DOC0110@hospital.com,3bd133493e242b514af6c8fa682d292e,张博为,doc_DOC0110,,13800000110,DOC
DOC0111,DOC0111@hospital.com,1492e456b67f643c57d5b90c6b6ae0d0,张嘉,doc_DOC0111,,13800000111,DOC
DOC0112,DOC0112@hospital.com,de452c5b6c04fcb8df82ecd7df71b740,张国瑞,doc_DOC0112,,13800000112,DOC
DOC0113,DOC0113@hospital.com,de6d2cf92088d887eaaa672fce9cc881,张夏,doc_DOC0113,,13800000113,DOC
DOC0114,DOC0114@hospital.com,963f57e735e47c9be6f14e6d2a532702,张多多,doc_DOC0114,,13800000114,DOC
DOC0115,DOC0115@hospital.com,9c398a74453d5a9ae9eaffc9bc4fd781,张娇,doc_DOC0115,,13800000115,DOC
DOC0116,DOC0116@hospital.com,400c85b51da875a826f1674a3daa3cb2,张学斌,doc_DOC0116,,13800000116,DOC
DOC0117,DOC0117@hospital.com,5de413d3c897a7e0f45a64c4e2595864,张宁,doc_DOC0117,,13800000117,DOC
DOC0118,DOC0118@hospital.com,f1a5c1ae27ec54ffc0e786dbf5d6a72d,张家齐,doc_DOC0118,,13800000118,DOC
DOC0119,DOC0119@hospital.com,8b26087d3f4f8313a3b15c9cc3e30316,张恒岩,doc_DOC0119,,13800000119,DOC
DOC0120,DOC0120@hospital.com,327eac336f8da67dc0cac3f65df1aa50,张扬,doc_DOC0120,,13800000120,DOC
DOC0121,DOC0121@hospital.com,a13538e5dad662d7a9db61026eb0c150,张晔,doc_DOC0121,,13800000121,DOC
DOC0122,DOC0122@hospital.com,d55b94f1ad51579fe4284ee7782e5195,张枝桥,doc_DOC0122,,13800000122,DOC
DOC0123,DOC0123@hospital.com,15fb093a942f35cf6952514f3c8290a9,张潇,doc_DOC0123,,13800000123,DOC
DOC0124,DOC0124@hospital.com,3a667154f966e6ce7470b73b52e7a9f8,张玉,doc_DOC0124,,13800000124,DOC
DOC0125,DOC0125@hospital.com,25d2aaf636875a901c1c8829fdfdc394,张玉石,doc_DOC0125,,13800000125,DOC
DOC0126,DOC0126@hospital.com,2aa9a2d2abb24963a52d6e4d20ff9015,张立阳,doc_DOC0126,,13800000126,DOC
DOC0127,DOC0127@hospital.com,80c3f9252b4e7481980ed98a68d59d21,张美芬,doc_DOC0127,,13800000127,DOC
DOC0128,DOC0128@hospital.com,33c79c0ed619459d7880d7a6a521e6e4,张腾越,doc_DOC0128,,13800000128,DOC
DOC0129,DOC0129@hospital.com,30764879791fe091e2635665ed772402,张薇,doc_DOC0129,,13800000129,DOC
DOC0130,DOC0130@hospital.com,b0b12cdf3ef0ff66aa9cc1ba6af407c2,张超纪,doc_DOC0130,,13800000130,DOC
DOC0131,DOC0131@hospital.com,cc24193301e57ac976395073db9e92f1,张路,doc_DOC0131,,13800000131,DOC
DOC0132,DOC0132@hospital.com,24073a435fbd3bf21cfaf9d054462fab,张震宇,doc_DOC0132,,13800000132,DOC
DOC0133,DOC0133@hospital.com,ab9cd94ca8de2fe55d37cff91825879f,张靖承,doc_DOC0133,,13800000133,DOC
DOC0134,DOC0134@hospital.com,806424b1793d3d8076d2a1d1442b31b7,张顺华,doc_DOC0134,,13800000134,DOC
DOC0135,DOC0135@hospital.com,0bde5a281aeb244fb9dc2d3b840fb47a,张黎,doc_DOC0135,,13800000135,DOC
DOC0136,DOC0136@hospital.com,a0853808b5ff08c9451158930fbd067a,彭慧明,doc_DOC0136,,13800000136,DOC
DOC0137,DOC0137@hospital.com,92ba5b9c3d0e43574a66df9ad6fe10f7,彭萍,doc_DOC0137,,13800000137,DOC
DOC0138,DOC0138@hospital.com,4f9d980ac67093535c12dbf6a8a0d31c,徐协群,doc_DOC0138,,13800000138,DOC
DOC0139,DOC0139@hospital.com,8fb5cab6c086e6a37c83ec0d20d56234,徐强,doc_DOC0139,,13800000139,DOC
DOC0140,DOC0140@hospital.com,8e539ee88c6b44d3ab326a356c3e2d4e,徐晓辉,doc_DOC0140,,13800000140,DOC
PAT0005,,111111,111,111,男,,PAT
DOC0141,DOC0141@hospital.com,73f028176511708849e2f89d5e912301,徐海燕,doc_DOC0141,,13800000141,DOC
DOC0142,DOC0142@hospital.com,99c73b1630eb183a514fa01d7b92be9f,徐源,doc_DOC0142,,13800000142,DOC
DOC0143,DOC0143@hospital.com,0d39743729e1b9444407587e8df4504c,徐维锋,doc_DOC0143,,13800000143,DOC
DOC0144,DOC0144@hospital.com,26b30460adc918ab7f0452f08d377d35,徐雅兰,doc_DOC0144,,13800000144,DOC
DOC0145,DOC0145@hospital.com,e90cbb942e1f1560e35a0bae19b26c8d,戚庆炜,doc_DOC0145,,13800000145,DOC
DOC0146,DOC0146@hospital.com,53f2ba46210baff32c059e7a0415fade,戴梦华,doc_DOC0146,,13800000146,DOC
DOC0147,DOC0147@hospital.com,845be071f3e3e0043fdbeaa6536ed52e,戴毅,doc_DOC0147,,13800000147,DOC
DOC0148,DOC0148@hospital.com,1d437617dc0d9fa1075c35c71f796145,戴毓欣,doc_DOC0148,,13800000148,DOC
DOC0149,DOC0149@hospital.com,22ee2b2595bc2c3000223486144d0edd,戴荣平,doc_DOC0149,,13800000149,DOC
DOC0150,DOC0150@hospital.com,b8aff1feac4e9e2ec01eee89253f742b,文进,doc_DOC0150,,13800000150,DOC
DOC0151,DOC0151@hospital.com,10e1548ff992e549166f51a98c4f0220,方理刚,doc_DOC0151,,13800000151,DOC
DOC0152,DOC0152@hospital.com,6a2428b324e74aec99cfad9857f4143f,曲强,doc_DOC0152,,13800000152,DOC
DOC0153,DOC0153@hospital.com,8a96bcd529c3640d4bf3d66e8a74901a,曹杨,doc_DOC0153,,13800000153,DOC
DOC0154,DOC0154@hospital.com,86e82370ae701a593c6334462e5474ae,曹磊,doc_DOC0154,,13800000154,DOC
DOC0155,DOC0155@hospital.com,c13236a9d49bb5783f91c3942bb3a8a9,曹越,doc_DOC0155,,13800000155,DOC
DOC0156,DOC0156@hospital.com,08b637e216e100a42a9f119343cc4c8d,朱燕林,doc_DOC0156,,13800000156,DOC
DOC0157,DOC0157@hospital.com,73a5749f30911935623841e8b8496c02,朱铁楠,doc_DOC0157,,13800000157,DOC
DOC0158,DOC0158@hospital.com,14eeb86b68c2f3dff12fff3885a43c4f,李其一,doc_DOC0158,,13800000158,DOC
DOC0159,DOC0159@hospital.com,4943d297391a64e75960958f3418a735,李冰,doc_DOC0159,,13800000159,DOC
DOC0160,DOC0160@hospital.com,83e5d50e46215d3ed080ddde2e6292d5,李力,doc_DOC0160,,13800000160,DOC
DOC0161,DOC0161@hospital.com,e71a68a6a3c291c6946ab71b04149577,李单青,doc_DOC0161,,13800000161,DOC
DOC0162,DOC0162@hospital.com,2554972b653aca44b8ff6fd68dc1b2d9,李太生,doc_DOC0162,,13800000162,DOC
DOC0163,DOC0163@hospital.com,b477f2065ee75a1317fa3056fbc2aa0f,李子全,doc_DOC0163,,13800000163,DOC
DOC0164,DOC0164@hospital.com,b71aa23a83769a6ac07a05c7c1f5777b,李宏军,doc_DOC0164,,13800000164,DOC
DOC0165,DOC0165@hospital.com,d8916094463e7ca48365e9e26af5ebdb,李小毅,doc_DOC0165,,13800000165,DOC
DOC0166,DOC0166@hospital.com,71945a9ba452d46ad95caf8d9aac7ac9,李明喜,doc_DOC0166,,13800000166,DOC
DOC0167,DOC0167@hospital.com,93a8ba8c0fe000116f5732490e546ab6,李春旭,doc_DOC0167,,13800000167,DOC
DOC0168,DOC0168@hospital.com,02c1e3449cdad1648268d6709be56eb2,李晓斌,doc_DOC0168,,13800000168,DOC
DOC0169,DOC0169@hospital.com,a39fb246d1afd41747c4dbf0830d46c2,李晓燕,doc_DOC0169,,13800000169,DOC
DOC0170,DOC0170@hospital.com,4bcb422da000f1dd63a1e94505fbd6df,李晔,doc_DOC0170,,13800000170,DOC
DOC0171,DOC0171@hospital.com,45539db60869b68ae89e048b0de09b4c,李正红,doc_DOC0171,,13800000171,DOC
DOC0172,DOC0172@hospital.com,a5911c818f71c6dd02cc312624921308,李永强,doc_DOC0172,,13800000172,DOC
DOC0173,DOC0173@hospital.com,02ad3dc44e389ee47bb98758fff92d3f,李略,doc_DOC0173,,13800000173,DOC
DOC0174,DOC0174@hospital.com,700425a58a28ba8fd7fc129f675a6966,李秉璐,doc_DOC0174,,13800000174,DOC
DOC0175,DOC0175@hospital.com,974e632a0b1e92701b745cfe0bfa8a19,李蕙,doc_DOC0175,,13800000175,DOC
DOC0176,DOC0176@hospital.com,8983d97b2e376d0468fdf7ae3ef9a014,李蕴微,doc_DOC0176,,13800000176,DOC
DOC0177,DOC0177@hospital.com,96a4ffdad192efedb96271ec0f830e53,李辉,doc_DOC0177,,13800000177,DOC
DOC0178,DOC0178@hospital.com,bb6fc50db0439114fd826365336b90f2,杨刚,doc_DOC0178,,13800000178,DOC
DOC0179,DOC0179@hospital.com,562ac6666f30e06694440fb3c0aa15c7,杨景元,doc_DOC0179,,13800000179,DOC
DOC0180,DOC0180@hospital.com,df536ff76d9b7fec13af2441f7fc582a,杨毅,doc_DOC0180,,13800000180,DOC
DOC0181,DOC0181@hospital.com,e3daa7ea78fbef2db659c648a915eb96,杨治坤,doc_DOC0181,,13800000181,DOC
DOC0182,DOC0182@hospital.com,4602db5fdf53d7fe25e776351b9a30c8,杨波,doc_DOC0182,,13800000182,DOC
DOC0183,DOC0183@hospital.com,2453c171edd34b6d30b1cd1876779bd7,杨阳,doc_DOC0183,,13800000183,DOC
DOC0184,DOC0184@hospital.com,271dc035695bc1f5372935990d08e001,林国乐,doc_DOC0184,,13800000184,DOC
DOC0185,DOC0185@hospital.com,1c8b2738c53f8ccc91217be6c56d868d,林宇骁,doc_DOC0185,,13800000185,DOC
DOC0186,DOC0186@hospital.com,0edc9128897bd9578ac547e9c00f955f,林莞锋,doc_DOC0186,,13800000186,DOC
DOC0187,DOC0187@hospital.com,a47da64b8e0a2311ce3f8789de512bc7,林蔚,doc_DOC0187,,13800000187,DOC
DOC0188,DOC0188@hospital.com,5ca62a5090699e17279dd8a7cee52eb2,林进,doc_DOC0188,,13800000188,DOC
DOC0189,DOC0189@hospital.com,01c8b644dc2b4b32015406c440f75adc,梁乃新,doc_DOC0189,,13800000189,DOC
DOC0190,DOC0190@hospital.com,50a8de10d28c57763317335ec8599072,梁硕,doc_DOC0190,,13800000190,DOC
DOC0191,DOC0191@hospital.com,1e3a752c3852d87d2e563d74887d63e8,梁锦前,doc_DOC0191,,13800000191,DOC
DOC0192,DOC0192@hospital.com,195b7f9ea8d9aab737535307b2881e66,楼伟珍,doc_DOC0192,,13800000192,DOC
DOC0193,DOC0193@hospital.com,ece1affc146b4bc18c1f647ca02628de,樊庆泊,doc_DOC0193,,13800000193,DOC
DOC0194,DOC0194@hospital.com,0f31f760600db6f6b98abc1825876089,樊晓红,doc_DOC0194,,13800000194,DOC
DOC0195,DOC0195@hospital.com,4d59d66844d9d368eee8ad1348e1cbcd,母乳喂养,doc_DOC0195,,13800000195,DOC
DOC0196,DOC0196@hospital.com,c4db8fafecffc33705248f7ae23f9a94,毛全宗,doc_DOC0196,,13800000196,DOC
DOC0197,DOC0197@hospital.com,1c068bc18d04eb3dfc37b5fae27cce2a,沈建中,doc_DOC0197,,13800000197,DOC
DOC0198,DOC0198@hospital.com,be0afb6c7e47120712d7fa5fe17fff3a,沈建雄,doc_DOC0198,,13800000198,DOC
DOC0199,DOC0199@hospital.com,6b61cdbc0c8b76085389ca183a19badd,沈珠军,doc_DOC0199,,13800000199,DOC
DOC0200,DOC0200@hospital.com,71916c159ce8868a5bb70c59bce47277,洪夏飞,doc_DOC0200,,13800000200,DOC
DOC0201,DOC0201@hospital.com,f8a195780f9e9182570d496b18ad6414,洪涛,doc_DOC0201,,13800000201,DOC
DOC0202,DOC0202@hospital.com,b350023a4efd374140c2c163df8bcb5a,滕莉荣,doc_DOC0202,,13800000202,DOC
DOC0203,DOC0203@hospital.com,680b642e15b37bcbe8856591fa4634f0,熊巍,doc_DOC0203,,13800000203,DOC
DOC0204,DOC0204@hospital.com,e6f31575f36fc187f487166d91bf396e,王为,doc_DOC0204,,13800000204,DOC
DOC0205,DOC0205@hospital.com,04d1dca9e1cbaed21ea8a9cc2d47d3ba,王书杰,doc_DOC0205,,13800000205,DOC
DOC0206,DOC0206@hospital.com,11f4207057cfe6dcf5fdbc5efde2990a,王亮,doc_DOC0206,,13800000206,DOC
DOC0207,DOC0207@hospital.com,330700f70f7fa400575e48687fee4f03,王以朋,doc_DOC0207,,13800000207,DOC
DOC0208,DOC0208@hospital.com,17172fbdfcee9141c36bd246bcaf1715,王先泽,doc_DOC0208,,13800000208,DOC
DOC0209,DOC0209@hospital.com,23528e8f45cc5a909ead1b00f60e86a1,王含必,doc_DOC0209,,13800000209,DOC
DOC0210,DOC0210@hospital.com,5195af19856edb741c49014be8d2ddee,王姝,doc_DOC0210,,13800000210,DOC
DOC0211,DOC0211@hospital.com,b902c56bfcb76b72e9424882abfde725,王孜,doc_DOC0211,,13800000211,DOC
DOC0212,DOC0212@hospital.com,c584d3ed4b76e52002883c5b8bf7355a,王尔茜,doc_DOC0212,,13800000212,DOC
DOC0213,DOC0213@hospital.com,f886ed3d24bbf775c718de5b8bd83e08,王崇慧,doc_DOC0213,,13800000213,DOC
DOC0214,DOC0214@hospital.com,2b6484a95aa8a996b3bb28b66d87e577,王忠海,doc_DOC0214,,13800000214,DOC
DOC0215,DOC0215@hospital.com,efc3cb604c79912b0b3a23f280e538e7,王文达,doc_DOC0215,,13800000215,DOC
DOC0216,DOC0216@hospital.com,d7fe9dec9b24014d0239763626de1376,王旭倩,doc_DOC0216,,13800000216,DOC
DOC0217,DOC0217@hospital.com,2ef7d58c848e6a33a55466196d6e1ed4,王晨,doc_DOC0217,,13800000217,DOC
DOC0218,DOC0218@hospital.com,a7535c59e15067b9ac05e0d72dcb64f4,王栋,doc_DOC0218,,13800000218,DOC
DOC0219,DOC0219@hospital.com,5962d3c3c3751e895d1aa412b3775ab8,王桂阁,doc_DOC0219,,13800000219,DOC
DOC0220,DOC0220@hospital.com,62bcb838036c34bfe91d9c28ca598a54,王梦一,doc_DOC0220,,13800000220,DOC
DOC0221,DOC0221@hospital.com,da948d8030ad09ecfd46e82c58ae2a94,王海,doc_DOC0221,,13800000221,DOC
DOC0222,DOC0222@hospital.com,a0546d78d7dadd475ba4c6bab9b26be8,王海云,doc_DOC0222,,13800000222,DOC
DOC0223,DOC0223@hospital.com,578b159fece1f8db3d413a63c6c690fb,王炜,doc_DOC0223,,13800000223,DOC
DOC0224,DOC0224@hospital.com,28a636756bbdd8c35bb0030c93afcecd,王琳,doc_DOC0224,,13800000224,DOC
DOC0225,DOC0225@hospital.com,ddadea7c1ec85117f992dad395b3fa6a,王瑾,doc_DOC0225,,13800000225,DOC
DOC0226,DOC0226@hospital.com,4ab3b9ed6d726e2fc167574a96549ad8,王维斌,doc_DOC0226,,13800000226,DOC
DOC0227,DOC0227@hospital.com,c2719d60c23948843bac9192d3d78c8f,王艳芳,doc_DOC0227,,13800000227,DOC
DOC0228,DOC0228@hospital.com,2d42925200e64a342b1330e2a7b878d9,王英杰,doc_DOC0228,,13800000228,DOC
DOC0229,DOC0229@hospital.com,b1510f2e81c98389477242c0df35a6ea,王萌,doc_DOC0229,,13800000229,DOC
DOC0230,DOC0230@hospital.com,b9715f5768d69889a34b922e29221ef6,王辉,doc_DOC0230,,13800000230,DOC
DOC0231,DOC0231@hospital.com,e713b57fa87f057e363c1a309ee8e6ca,王造文,doc_DOC0231,,13800000231,DOC
DOC0232,DOC0232@hospital.com,5d47376e389cd005522d8d08079368de,王阳,doc_DOC0232,,13800000232,DOC
DOC0233,DOC0233@hospital.com,a56f24d9b73c6f43c691dd1459604eea,王颖,doc_DOC0233,,13800000233,DOC
DOC0234,DOC0234@hospital.com,787b50a59cc7631b68623c5de5005993,田庄,doc_DOC0234,,13800000234,DOC
DOC0235,DOC0235@hospital.com,b37539a43d4b1e1664756ecd278922a5,田秦杰,doc_DOC0235,,13800000235,DOC
DOC0236,DOC0236@hospital.com,5420e2e0c7b9a4337c013d6e199ade16,田震寰,doc_DOC0236,,13800000236,DOC
DOC0237,DOC0237@hospital.com,24720f27ce8049d1d9fcd905056680ba,白桦,doc_DOC0237,,13800000237,DOC
DOC0238,DOC0238@hospital.com,f5ab3c0c61bc052043478f215fe282f6,睢瑞芳,doc_DOC0238,,13800000238,DOC
DOC0239,DOC0239@hospital.com,2a3eb9e106fcdba922c4c0db554a7c9e,石维坤,doc_DOC0239,,13800000239,DOC
DOC0240,DOC0240@hospital.com,8bd8438fc63b8f0606156bfd305b6c6e,秦应之,doc_DOC0240,,13800000240,DOC
DOC0241,DOC0241@hospital.com,579b86bf666fed3c2d1eafbc7b703aad,程康安,doc_DOC0241,,13800000241,DOC
DOC0242,DOC0242@hospital.com,af99e126452157c45f7f57e315ee520f,程钢炜,doc_DOC0242,,13800000242,DOC
DOC0243,DOC0243@hospital.com,8de0cb6c334273d5c3195b70e646648b,章里西,doc_DOC0243,,13800000243,DOC
DOC0244,DOC0244@hospital.com,72f6368b0bf8d27aa264092e087989e0,简珊,doc_DOC0244,,13800000244,DOC
DOC0245,DOC0245@hospital.com,eded2a6d54a95d21452f458ea506ee43,纪志刚,doc_DOC0245,,13800000245,DOC
DOC0246,DOC0246@hospital.com,953d8e323ed1ff8d1baab015e76ebe8f,罗敏,doc_DOC0246,,13800000246,DOC
DOC0247,DOC0247@hospital.com,90dcf047f1d81739a243b51de15128d7,罗明月,doc_DOC0247,,13800000247,DOC
DOC0248,DOC0248@hospital.com,98db8f20044d63372b412523a30001cc,罗玲,doc_DOC0248,,13800000248,DOC
DOC0249,DOC0249@hospital.com,ca15861100607498a6e91df841ac5fb7,罗瑞,doc_DOC0249,,13800000249,DOC
DOC0250,DOC0250@hospital.com,a3769fd5930396a69f07fc7dbe7930f5,翁习生,doc_DOC0250,,13800000250,DOC
DOC0251,DOC0251@hospital.com,2b35cdcf3e533c7357a7815f59fbfff7,翟吉良,doc_DOC0251,,13800000251,DOC
DOC0252,DOC0252@hospital.com,a84f19eff2a4cf958b003dc4a6134520,耿爽,doc_DOC0252,,13800000252,DOC
DOC0253,DOC0253@hospital.com,751a1832e3aa4d22910c396f02208a6b,肖剑春,doc_DOC0253,,13800000253,DOC
DOC0254,DOC0254@hospital.com,85fd29e47f9177d068b06546ac288d60,肖娟,doc_DOC0254,,13800000254,DOC
DOC0255,DOC0255@hospital.com,6b84da41a4a2a45a923bbaf4707c8aa2,肖毅,doc_DOC0255,,13800000255,DOC
DOC0256,DOC0256@hospital.com,5e22e3ee509bbacea87173349f74df18,肖河,doc_DOC0256,,13800000256,DOC
DOC0257,DOC0257@hospital.com,9f50a8fcee1913f71bd8b5fe16228299,胡亚,doc_DOC0257,,13800000257,DOC
DOC0258,DOC0258@hospital.com,3202ee3d441eed644145f5e110208f21,胡建华,doc_DOC0258,,13800000258,DOC
DOC0259,DOC0259@hospital.com,feb43a2bd3c02d81003de71172bdd273,苟丽娟,doc_DOC0259,,13800000259,DOC
DOC0260,DOC0260@hospital.com,96849ac34e6ea740e9479fe0755a0676,范中杰,doc_DOC0260,,13800000260,DOC
DOC0261,DOC0261@hospital.com,6f28fa9ad7bddad76fdeb39669ba66b8,范彧,doc_DOC0261,,13800000261,DOC
DOC0262,DOC0262@hospital.com,e9bb5d8fa52c96e55f12e96a4db5a34d,范欣荣,doc_DOC0262,,13800000262,DOC
DOC0263,DOC0263@hospital.com,8146384b5cda11758e0ed0d2656b641c,范洪伟,doc_DOC0263,,13800000263,DOC
DOC0264,DOC0264@hospital.com,678d7fb97c960916f5b782fb29a129c3,荣石,doc_DOC0264,,13800000264,DOC
DOC0265,DOC0265@hospital.com,7fbb2b66518c64e95454c032db1b849a,莫菲,doc_DOC0265,,13800000265,DOC
DOC0266,DOC0266@hospital.com,c9938849b8b0eb0bd25f85a89d4abe8d,葛冠男,doc_DOC0266,,13800000266,DOC
DOC0267,DOC0267@hospital.com,0cee499926cb39bd8b6c64a28557d8a7,董德鑫,doc_DOC0267,,13800000267,DOC
DOC0268,DOC0268@hospital.com,641c9a58291ccb5231f22e1a302c7f0c,董良博,doc_DOC0268,,13800000268,DOC
DOC0269,DOC0269@hospital.com,77c7e9fedeff3f24b27829e68772dbab,蒋宇林,doc_DOC0269,,13800000269,DOC
DOC0270,DOC0270@hospital.com,ba9e26fafbf15e96a4414789c3bea25c,蔡华聪,doc_DOC0270,,13800000270,DOC
DOC0271,DOC0271@hospital.com,94823c2f4801167ce84fff087fa9832a,蔡思逸,doc_DOC0271,,13800000271,DOC
DOC0272,DOC0272@hospital.com,a116710f4e56136e257b7d1cfe6b3f92,蔺晨,doc_DOC0272,,13800000272,DOC
DOC0273,DOC0273@hospital.com,ea9430c526b71c3af7d79578e23dcb97,袁宏伟,doc_DOC0273,,13800000273,DOC
DOC0274,DOC0274@hospital.com,64eabe283d76c902c6c595b929383905,许尚栋,doc_DOC0274,,13800000274,DOC
DOC0275,DOC0275@hospital.com,ad8e56419839deb6366fd0a92214ab0f,谢勇,doc_DOC0275,,13800000275,DOC
DOC0276,DOC0276@hospital.com,f11fadd6e39d0547500b9a203393c13f,谢洪智,doc_DOC0276,,13800000276,DOC
DOC0277,DOC0277@hospital.com,4fd12e5030026fe3053144d9ea2d6fa9,谢燚,doc_DOC0277,,13800000277,DOC
DOC0278,DOC0278@hospital.com,bf9d67ec140296b6154e65fc155f407a,谭柯,doc_DOC0278,,13800000278,DOC
DOC0279,DOC0279@hospital.com,120d9afd68d5c3d36379445c24e3222a,贺峰,doc_DOC0279,,13800000279,DOC
DOC0280,DOC0280@hospital.com,72cde171b5144234708723fc568c0c43,赖晋智,doc_DOC0280,,13800000280,DOC
DOC0281,DOC0281@hospital.com,eeb082e8e027402c995f7bacabe1141a,赵丹青,doc_DOC0281,,13800000281,DOC
DOC0282,DOC0282@hospital.com,44130bef37f6ba342e930d788135f1b2,赵哲维,doc_DOC0282,,13800000282,DOC
DOC0283,DOC0283@hospital.com,bbc815e1d342d0777416c5d942658eec,赵奕,doc_DOC0283,,13800000283,DOC
DOC0284,DOC0284@hospital.com,3c5092b22d923ce3dc67357cc2b4a0fa,赵宇,doc_DOC0284,,13800000284,DOC
DOC0285,DOC0285@hospital.com,020e4e9668bc1a0ce75951ddf0c84117,赵宏,doc_DOC0285,,13800000285,DOC
DOC0286,DOC0286@hospital.com,0dfbbbb7b336c964a509ad2a49339c89,赵扬,doc_DOC0286,,13800000286,DOC
DOC0287,DOC0287@hospital.com,dbe76bcbbfa3c5574c3c2b478a1cecfe,赵欣宇,doc_DOC0287,,13800000287,DOC
DOC0288,DOC0288@hospital.com,64f15dde2b9e2b9a3745e6072476e34d,赵潺,doc_DOC0288,,13800000288,DOC
DOC0289,DOC0289@hospital.com,c98d5b37e7998d30fdfe4c5fca393eae,赵珞,doc_DOC0289,,13800000289,DOC
DOC0290,DOC0290@hospital.com,37757a352d7efc67ff7f41799c6c6457,赵研学,doc_DOC0290,,13800000290,DOC
DOC0291,DOC0291@hospital.com,129dd333569df0cee84f9ed5e75a9712,边焱焱,doc_DOC0291,,13800000291,DOC
DOC0292,DOC0292@hospital.com,e9df688df6b4097ce0bc57e71cc9bc0b,连鹏鹄,doc_DOC0292,,13800000292,DOC
DOC0293,DOC0293@hospital.com,a3870d6e03eb03bd8defb549c859f258,邓姗,doc_DOC0293,,13800000293,DOC
DOC0294,DOC0294@hospital.com,6916ccace15333cfb6633f4ad1929fe4,邓建华,doc_DOC0294,,13800000294,DOC
DOC0295,DOC0295@hospital.com,7b899d424ab6484098b38cda3a50061b,邓成艳,doc_DOC0295,,13800000295,DOC
DOC0296,DOC0296@hospital.com,68f20aca57cb16b70e5782177da01a8d,邓燕,doc_DOC0296,,13800000296,DOC
DOC0297,DOC0297@hospital.com,9c9a9cf01fd32b8968863eea263846b4,邱正庆,doc_DOC0297,,13800000297,DOC
DOC0298,DOC0298@hospital.com,d4693c04490b1bbc80ed3e931b362b14,邴钟兴,doc_DOC0298,,13800000298,DOC
DOC0299,DOC0299@hospital.com,98bcc633002e2ae5c564f138ac276411,邵仟仟,doc_DOC0299,,13800000299,DOC
DOC0300,DOC0300@hospital.com,2948f9e7980e6f54a0c01e02bba60a2a,邹绚,doc_DOC0300,,13800000300,DOC
DOC0301,DOC0301@hospital.com,5dcc140aef87193a2348607286623f5e,邹雄飞,doc_DOC0301,,13800000301,DOC
DOC0302,DOC0302@hospital.com,5c4d6f8a1b0a21a99e6c5b6f3d69f016,郁琦,doc_DOC0302,,13800000302,DOC
DOC0303,DOC0303@hospital.com,7f2ad07de17c8a24f87d7096f6eb8397,郑军,doc_DOC0303,,13800000303,DOC
DOC0304,DOC0304@hospital.com,39f06cf4af7f4d25610dc369a27ab7b0,郑可,doc_DOC0304,,13800000304,DOC
DOC0305,DOC0305@hospital.com,e34fd8dac4357b0b3260afb1c93d9160,郑国洋,doc_DOC0305,,13800000305,DOC
DOC0306,DOC0306@hospital.com,3bac50fbcffccd3718741fabd556115b,郑志博,doc_DOC0306,,13800000306,DOC
DOC0307,DOC0307@hospital.com,5efdf5b158a6347d484d5d96d5f4920d,郑西希,doc_DOC0307,,13800000307,DOC
DOC0308,DOC0308@hospital.com,5af4f982f363b845f13baa752de05881,郑霖,doc_DOC0308,,13800000308,DOC
DOC0309,DOC0309@hospital.com,7e9f9503373dc534f0110a617dbc9fb3,郭伏平,doc_DOC0309,,13800000309,DOC
DOC0310,DOC0310@hospital.com,3967d1ab3e0e3506576185f565977462,郭俊超,doc_DOC0310,,13800000310,DOC
DOC0311,DOC0311@hospital.com,322ec873de714f22d1ded3c63e1380a0,郭帆,doc_DOC0311,,13800000311,DOC
DOC0312,DOC0312@hospital.com,85aaf0c43fdee164f62038f67a2f4b1e,郭潇潇,doc_DOC0312,,13800000312,DOC
DOC0313,DOC0313@hospital.com,1265e8eca04519c9a0e0f6b4c14909e3,郭超,doc_DOC0313,,13800000313,DOC
DOC0314,DOC0314@hospital.com,fadaf59250d9efd3ce79025ce895ff5d,金今,doc_DOC0314,,13800000314,DOC
DOC0315,DOC0315@hospital.com,fda9e6b3679850a3490aec5e0c779a74,金力,doc_DOC0315,,13800000315,DOC
DOC0316,DOC0316@hospital.com,c6ae8f41094a0cac03cc68dc9b28b87b,金晓峰,doc_DOC0316,,13800000316,DOC
DOC0317,DOC0317@hospital.com,cb1909d96669b86e222197bd2822d673,金雨,doc_DOC0317,,13800000317,DOC
DOC0318,DOC0318@hospital.com,c440b2e6f9e9c00d527c867b49b21794,钟勇,doc_DOC0318,,13800000318,DOC
DOC0319,DOC0319@hospital.com,91472804d4ab5287d21ea85f0eb07485,钱军,doc_DOC0319,,13800000319,DOC
DOC0320,DOC0320@hospital.com,b8715a29ea7a6a252866c8caae577db6,钱宇婧,doc_DOC0320,,13800000320,DOC
DOC0321,DOC0321@hospital.com,6fbd24bbdef51e32128a229646eda88c,钱浩,doc_DOC0321,,13800000321,DOC
DOC0322,DOC0322@hospital.com,2a087e25c162fc73c986e300cd1db4b1,阮桂仁,doc_DOC0322,,13800000322,DOC
DOC0323,DOC0323@hospital.com,e105c586a708df587e5a76913848787b,阮菁,doc_DOC0323,,13800000323,DOC
DOC0324,DOC0324@hospital.com,2e0da44bbe8f1506eeab8f036040fb0c,阳晟,doc_DOC0324,,13800000324,DOC
DOC0325,DOC0325@hospital.com,9f769ed9bfa32610781506c2fcca0393,阳珊,doc_DOC0325,,13800000325,DOC
DOC0330,DOC0330@hospital.com,91d528d12be57b021a85f6f7fa47307e,陈娟,doc_DOC0330,,13800000330,DOC
DOC0331,DOC0331@hospital.com,6f1459ce7421d16b4bf0f343398f7858,陈曙光,doc_DOC0331,,13800000331,DOC
DOC0332,DOC0332@hospital.com,6903ea864b95a85bd7ec5c0d93035c54,陈未,doc_DOC0332,,13800000332,DOC
DOC0333,DOC0333@hospital.com,4bb7fe34dd719a2a1c3972f1ec3b7b62,陈欢,doc_DOC0333,,13800000333,DOC
DOC0334,DOC0334@hospital.com,d1083a28a2434de25bf3b31fe509bedc,陈欣,doc_DOC0334,,13800000334,DOC
DOC0335,DOC0335@hospital.com,62215eee73ddddb4dccbd930d79695c8,陈绍辉,doc_DOC0335,,13800000335,DOC
DOC0336,DOC0336@hospital.com,fe9b71506bb761fe203776566f7237a2,陈苗,doc_DOC0336,,13800000336,DOC
DOC0337,DOC0337@hospital.com,b1f07cf449cf8d0e3dec0c9121c9dd46,陈蔚琳,doc_DOC0337,,13800000337,DOC
DOC0338,DOC0338@hospital.com,ead08da600875fb8f35f77cdc67e3b0a,陈迪,doc_DOC0338,,13800000338,DOC
DOC0339,DOC0339@hospital.com,c10da59d9cc08012620dcf009aba62f6,陈野野,doc_DOC0339,,13800000339,DOC
DOC0340,DOC0340@hospital.com,ecdcf7e425e977b3e1052096bcd4bb7b,陈露璐,doc_DOC0340,,13800000340,DOC
DOC0341,DOC0341@hospital.com,fa8a0e4ef4d60421b68bccb596e75b98,陈革,doc_DOC0341,,13800000341,DOC
DOC0342,DOC0342@hospital.com,af78b17053a31a2a7c9270437cb1436a,陈飞,doc_DOC0342,,13800000342,DOC
DOC0343,DOC0343@hospital.com,fe4266390f3de4d085f1c9dbf1d5900b,陶陶,doc_DOC0343,,13800000343,DOC
DOC0344,DOC0344@hospital.com,d4009ffdb39a363c24f1e6f8971e2f59,韦颍昕,doc_DOC0344,,13800000344,DOC
DOC0345,DOC0345@hospital.com,7b83d0a46950f65a2e3a1d75495bdf5e,韩冰,doc_DOC0345,,13800000345,DOC
DOC0346,DOC0346@hospital.com,5ba8f898ab25f8b81e4e22f200ef9662,韩凯,doc_DOC0346,,13800000346,DOC
DOC0347,DOC0347@hospital.com,5a7b6f3c0d79ce70d9000768af91ea20,韩志军,doc_DOC0347,,13800000347,DOC
DOC0348,DOC0348@hospital.com,f08f5b978f99100006e0c241683d5283,韩显林,doc_DOC0348,,13800000348,DOC
DOC0349,DOC0349@hospital.com,36e83754e2136eae0803be994573459d,韩若安,doc_DOC0349,,13800000349,DOC
DOC0350,DOC0350@hospital.com,8eea3f5c052878cfdadb5dc58d62f1d4,马冬捷,doc_DOC0350,,13800000350,DOC
DOC0351,DOC0351@hospital.com,e2d28e63111213e0b3fca476ef7e4841,马国涛,doc_DOC0351,,13800000351,DOC
DOC0352,DOC0352@hospital.com,169a3063ad44dde887eac9ca4db7f2f5,马明圣,doc_DOC0352,,13800000352,DOC
DOC0353,DOC0353@hospital.com,60554d7de86a4ca9a1e55b5f6971be21,马杰,doc_DOC0353,,13800000353,DOC
DOC0354,DOC0354@hospital.com,bee931dda8fa0280d9217dae8e393873,马琳,doc_DOC0354,,13800000354,DOC
DOC0355,DOC0355@hospital.com,f814d96a591be0a3db7ffb005774b80c,马良坤,doc_DOC0355,,13800000355,DOC
DOC0356,DOC0356@hospital.com,1016a26762d1f656e7c1d4820232e04c,高俊义,doc_DOC0356,,13800000356,DOC
DOC0357,DOC0357@hospital.com,bca1ef2e99e1d119d276edb48c34ed5d,高劲松,doc_DOC0357,,13800000357,DOC
DOC0358,DOC0358@hospital.com,ed7e9b9d127243330225e620b5ff6e8e,高斐,doc_DOC0358,,13800000358,DOC
DOC0359,DOC0359@hospital.com,987c0e6470ed89920b682209ae4cea76,高超,doc_DOC0359,,13800000359,DOC
DOC0360,DOC0360@hospital.com,b3193aaf6e38473c646fb36a1973fcfb,高鹏,doc_DOC0360,,13800000360,DOC
DOC0361,DOC0361@hospital.com,6d777fd8273ab2816165c9e357d664ff,魏学,doc_DOC0361,,13800000361,DOC
DOC0362,DOC0362@hospital.com,eebcb68176e580f18a5bd496801eea22,魏梦超,doc_DOC0362,,13800000362,DOC
DOC0363,DOC0363@hospital.com,786eda8fe6ee7ca8050c88fe47f0cd27,鲁昕,doc_DOC0363,,13800000363,DOC
DOC0364,DOC0364@hospital.com,0d46d6a3f012917b859a76bce7aa70e3,黄华,doc_DOC0364,,13800000364,DOC
DOC0365,DOC0365@hospital.com,d7b79e3378c599d66c13dd051e62355e,黄厚锋,doc_DOC0365,,13800000365,DOC
DOC0366,DOC0366@hospital.com,b45c78f9b16cb190f9c47d708576b3ff,黄诚,doc_DOC0366,,13800000366,DOC
DOC0367,DOC0367@hospital.com,63a8da5b674854fab1e1705deae382fc,黄钟明,doc_DOC0367,,13800000367,DOC
DOC0368,DOC0368@hospital.com,548ad3b698b2a17848032986a41bc6b9,黎婧怡,doc_DOC0368,,13800000368,DOC
DOC0369,DOC0369@hospital.com,1f0c9edb425ad10151150c1963d6dcbc,龙琴,doc_DOC0369,,13800000369,DOC
DOC0003,DOC0003@hospital.com,53f56b0dfa609b18541cccac6467521e,张腾越,doc_DOC0003,m,13800000003,DOC
DOC0001,DOC0001@hospital.com,e9323eeb3d3bbf1bbe68152ef4a24b37,沈珠军,doc_DOC0001,m,13800000001,DOC
DOC0004,fmnlj176@yahoo.com.cn,8Ymw_IFp8RMa6t4,王崇慧,doc_DOC0004,m,11451451414,DOC
DOC0005,DOC0005@hospital.com,fbff5568034e11a1398829e8f32e8349,李明喜,doc_DOC0005,m,13800000005,DOC
